change,comapnyName,ltp,new52WHL,pChange,prev52WHL,prevClose,prevHLDate,series,symbol
0.51,Aarnav Fashions Limited,37.0,38.0,1.3976431899150452,37.6,36.49,28-Sep-2026,BE,AARNAV
4.3,Aequs Limited,288.8,294.7,1.5114235500878734,287.7,284.5,05-Oct-2026,EQ,AEQUS
3.2,Agarwal Toughened Glass India Limited,176.7,177.8,1.8443804034582127,177.0,173.5,05-Oct-2026,SM,AGARWALTUF
8.15,Akanksha Power and Infrastructure Limited,185.95,185.95,4.583802024746906,177.8,177.8,05-Oct-2026,SM,AKANKSHA
0.1,Ankit Metal & Power Limited,2.26,2.26,4.62962962962963,2.16,2.16,05-Oct-2026,BZ,ANKITMETAL
9.1,Arabian Petroleum Limited,105.85,105.85,9.405684754521964,97.0,96.75,05-Oct-2026,SM,ARABIAN
23.95,Avadh Sugar & Energy Limited,864.3,898.8,2.8500029749509133,884.8,840.35,24-Aug-2026,EQ,AVADHSUGAR
3.5,Bhadora Industries Limited,157.0,161.15,2.280130293159609,154.6,153.5,05-Oct-2026,ST,BHADORA
20.85,Bharat Heavy Electricals Limited,449.85,450.8,4.86013986013986,446.5,429.0,17-Jul-2026,EQ,BHEL
5.75,Bench Mark Infotech Services Limited,121.25,121.25,4.978354978354979,115.5,115.5,05-Oct-2026,ST,BMISL
