symbol,series,open_price,high_price,low_price,ltp,prev_price,net_price,trade_quantity,turnover,market_type,ca_ex_dt,ca_purpose,perChange
TECHM,EQ,1536.0,1540.8,1495.4,1501.5,1535.9,-2.24,1044617,15733.2900221,N,03-Jul-2026,Dividend - Rs 36 Per Share,-2.24
COALINDIA,EQ,426.05,426.95,415.05,416.0,425.1,-2.14,2323352,9743.2089472,N,04-Sep-2026,Dividend - Rs 5.25 Per Share,-2.14
MAXHEALTH,EQ,921.55,921.6,892.25,903.45,917.0,-1.48,1566557,14162.1452471,N,03-Jul-2026,Dividend - Rs 2 Per Share,-1.48
APOLLOHOSP,EQ,7970.0,8017.0,7806.0,7880.0,7985.0,-1.31,681567,53703.2538846,N,14-Aug-2026,Dividend - Rs 10 Per Sh,-1.31
ONGC,EQ,225.0,225.37,221.3,222.07,224.9,-1.26,11840453,26360.4005139,N,04-Sep-2026,Dividend - Re 1 Per Share,-1.26
INFY,EQ,1018.0,1020.5,1005.1,1008.15,1020.5,-1.21,4383573,44275.4023719,N,10-Jun-2026,Dividend - Rs 25 Per Share,-1.21
ITC,EQ,269.0,269.4,264.8,265.9,268.9,-1.12,12679364,33803.184424,N,27-May-2026,Dividend - Rs 8 Per Share,-1.12
TCS,EQ,2097.0,2115.0,2084.4,2091.8,2114.4,-1.07,1307324,27419.4213788,N,15-Jul-2026,Interim Dividend - Rs 12 Per Share,-1.07
TITAN,EQ,4599.9,4600.0,4530.3,4541.8,4580.0,-0.83,357657,16323.9304341,N,09-Jul-2026,Dividend - Rs 15 Per Share,-0.83
BAJFINANCE,EQ,970.0,973.25,960.1,962.2,970.0,-0.8,1958659,18939.2532005,N,30-Jun-2026,Dividend - Rs 6 Per Share,-0.8
