symbol,series,ltp,change,pChange,priceBand,highPrice,lowPrice,yearHigh,yearLow,totalTradedVol,turnover
BALAMINES,EQ,2349.3,391.5,20.0,20,2349.3,1961.0,2629.8,968.1,17.68615,394.46127791
HFCL,BE,262.78,12.51,5.0,5,262.78,256.0,262.78,59.82,59.88907,157.01117481900002
STEAMHOUSE,EQ,118.42,10.76,9.99,10,118.42,112.07,118.42,91.6,118.90624,137.78855091199998
CPPLUS,EQ,3991.9,2.4,0.06,5,4188.9,3960.0,4188.9,1304.0,3.17301,130.149889578
E2E,BE,688.9,32.8,5.0,5,688.9,662.0,698.0,183.36,7.52614,51.605989366
SUNSHINE,EQ,450.75,3.2,0.72,5,469.9,448.0,524.95,326.25,10.9085,49.99474635
DIACABS,BE,368.0,17.2,4.9,5,368.3,348.15,404.0,115.57,8.26189,30.186467493
STLNETWORK,EQ,47.08,2.24,5.0,5,47.08,44.42,56.5,15.75,64.08644,29.550257484
VIDYAWIRES,EQ,95.31,4.04,4.43,5,95.83,92.0,117.35,42.51,18.20657,17.239801133
BIRLACABLE,EQ,395.45,18.8,4.99,5,395.45,376.85,418.8,104.0,4.31297,16.903823321
