symbol,companyName,volume,week1AvgVolume,week1volChange,week2AvgVolume,week2volChange,ltp,pChange,turnover
GSEC10ADD,DSP Mutual Fund - DSP Nifty 10 Yr Benchmark G-Sec ETF,2014,16,125.875,178,11.289237668161435,26.5,1.34,0.53371
PVTBANKADD,DSP Mutual Fund - DSP Nifty Private Bank ETF,3745600,66145,56.6265934544399,72722,51.50530921611713,27.54,1.59,1027.41808
ALKYLAMINE,Alkyl Amines Chemicals Limited,1893963,33884,55.89549639948058,31221,60.661362697337445,2008.8,16.09,37565.24093
MOBIKWIK,One Mobikwik Systems Limited,31064519,885222,35.09231687209141,1260208,24.650310901057605,228.35,13.16,69994.57421
DSKULKARNI,DS Kulkarni Developers Limited,857,26,32.96153846153846,55,15.581818181818182,27.12,1.99,0.23241
HBESD,HB Estate Developers Limited,148621,5218,28.481277068721013,2768,53.68673915399343,75.5,-3.37,125.01998
CPCAP,CP Capital Limited,360957,21554,16.746170191049707,51758,6.973882500231847,155.87,15.93,571.6115
YUKEN,Yuken India Limited,244305,14939,16.3526285492443,15455,15.806892000310569,1246.9,10.44,3080.31959
DIAMINESQ,Diamines & Chemicals Limited,28816,1891,15.23688663282572,2833,10.168319277321006,246.3,3.5,71.25044
TAALTECH,Taal Tech Limited,465791,31325,14.869435027166451,57132,8.152891549394385,1077.0,15.84,4826.57292
